rank,name,puuid,league_points,wins,losses,win_rate
1,Unknown,J9g7ZfcT5BsW_gkyeXZMonb7Kdbm4fJn2kfSCBUtcSMvfoMiaje8aVRDQHet6GHerYOhmfbAkFbfug,2038,231,143,61.76
2,Unknown,8DC-82z1GtV3oCypcvSSqPmJ5jSb5P_xlKBUmkzJ8KbEPYcp9I7YDq5MyAE3oz9FO58S2xEEwpCa8Q,2038,217,147,59.62
3,Unknown,cVqUSYkfkHMhczINPp9jANaiyJV7yU8QQfqNqIR3VGGOL7fLWvm90cUJ0y87U9oo24W2-9tfdUKntg,1858,141,81,63.51
4,Unknown,DzKQEIPV2pjZwXoP8AzAWM-hybmE_BQh1_71ZskAJC7OxuyevMJqraczYU81B39IYrrSqb4abpou8w,1783,176,125,58.47
5,Unknown,T2E4wSwHDaUeQ0dEaAwtWPUZVDLyAJfXM1sgjwFEQK7Ws4chDMiL4NFihypEAWop3yaUnGVGzBaYOw,1709,261,182,58.92
6,Unknown,nsAWC-LgZR3HIop5aN7o0kkVk6XnfY2GP_7tFUnTc1zQT-6fe8MaWqaDytvHEsWKyqgZ1UMeIRGXGw,1687,321,268,54.5
7,Unknown,udWg2uyFABQRljFdBelyPSk3Du9VT-KzR-V8aqz2c_AdFbJZXfqt6OZfYHcEYbuTK9crZMsvLpW-CA,1674,166,124,57.24
8,Unknown,6oHmwBeQSPG4prZmhrDR98q-7VaVmbZu8Dy7CnHd4z4DnMEzjfvyJy3hEXQW4htnHoEstISi8rRaIw,1661,175,124,58.53
9,Unknown,59ztd5JcF6zrmn1YTzW-W0mUSEASDwoB85nmccX2g5f34_0H5deS07E6nL2397UtO73tVuWyVbQVQw,1619,144,90,61.54
10,Unknown,gXkZMdawSeetAOMYvIDFkyIiO9GWhQ8YUUqJJmxINenw8_h-TlW_LQBC2t1digEQcCQy_MhbmWCz-g,1608,160,116,57.97
11,Unknown,v0-j955obGDEdhGt4LGulh5k3ZoChRqirKRZHDR2bkyNsk0pEABX9eK0vQxHsiKlrNvX2OP64OOF6Q,1602,185,141,56.75
12,Unknown,E5ve42icDOF0UOj0WeZJoe2NJth_k9ugP49al4CPI2LMU8Pl3S4tq9sbKvjMNaDYMoKXwcOgNFrfuQ,1595,284,233,54.93
13,Unknown,SELF_VGIP1r9qxSDC0ON2IveO5npcYVgPy9C6NVFoQfAApzGfA1FvbAztp3eeDj0oiJNvCPqadQcrw,1579,162,115,58.48
14,Unknown,M79iBzh-ATnsrHZT98o7KfvXDpPwqsynzUhedJLfobpl9TwhPVrgY-_N3GXni0OWM-ehaxiXR-L2CA,1536,163,115,58.63
15,Unknown,4HTRxJAIUbda38O0XXA4_f3LTTupldeC_RQY9PAtOFRWPnvebHe5er_-fTK6akevrHcsiAGEKc6qKA,1535,153,86,64.02
16,Unknown,qw2n3lOIZHh2x2ABgdBEKni2etYGavUYeYsNR1nHzNx0dTQolQyQgNsDM4l2iKtvE5PNExBkv4_MhA,1523,263,190,58.06
17,Unknown,ikrUQ-hH6WxVHtBBPVRH108d4zas4e1TsHKnFwboh8lxYl8g_q1P0kdiTbU-UevXJdIkyXrLyv1h0Q,1499,224,160,58.33
18,Unknown,XXVEpyWnFzSCRJflBx_JK7SY3HfPrqtsxHsOenfscxwZqT8wxZjtnttdXCki8mlDgEAz1h_B02J8Vw,1480,208,162,56.22
19,Unknown,FLcdj3hxqL3jQI44Lf820N9_p3eIkkgRdSsIL8EGyzdDrK-vikdrZWGMhKqVtuwWrbpPahe77D0n8w,1465,302,263,53.45
20,Unknown,TvDvIqvN8-Dd6r8wUQz4achOzAn1tqwc9CqDfXBIqLM4dvFUjA1pf0EOBDwYBN2Yv0LD_3z4AifSjw,1460,147,103,58.8
21,Unknown,QV85qcBBVKT17G49yIHfG_kRSdnH1LQ0uHe-RL1oQsDYmc9BtOdz_tISJLR4svEjhvRGQ-1aYPPS4Q,1458,188,115,62.05
22,Unknown,aNLdg1wX65zNisslOpHp2oCgm1E5Ma_wqo0mmu1LoHYstcuRoImZXsR1GR7_vDAhuj2f89JUsK6Q6w,1454,182,132,57.96
23,Unknown,Jqc2FuyxVAX2gn6glkucVm6YVzSQR4ioBw7m3XoOkmRmykSqzbcNku81AfJpCNuRZVyudLb6-5n4KQ,1432,184,138,57.14
24,Unknown,Ojh5i6ZJtkEQeB8L4KEP2F9AV1ziJ4I7NUGNm1oJ_SLuBUZwLqsK8QpClx33yWneqy2kYZDLwSC_kg,1389,184,153,54.6
25,Unknown,2kIgBVUbhwuQEuuVvtWnGn2NFVy5LFCsdDF3NTk3iOnCLDSuM8hCCGLV-_3M6ZLBXuS0DJw884R5Fw,1363,163,136,54.52
26,Unknown,FnU1RPqh_qgPJKMOMxpfUnE_iYHTAT7EJd-ubhA4Dzi0kL383sxXfmmwy_FTHgDfdgA1hxDG3IQfiA,1353,130,75,63.41
27,Unknown,j69A1NmIEXUKaK5Ouze1P7YpcW7-0c8-AJTNM5Ui_ZsF8YxhY_ZHX_8fOIfGoCwDJc_McKVlg4j-1Q,1347,150,114,56.82
28,Unknown,iEG98Gpz5ugEFKVw0haqfiKZyUgbL5h1AsodYlMAAeFwebXcT3xQRlNCZVbB8eieUZioSgJUBJd-pw,1331,131,101,56.47
29,Unknown,mxTwFpOwtK37qSFDDko0HSVZg6tQrZ6ntuFA1NWl8opaKmiL8Unz6API6aK7gLtZS_6Bw6j4er_uCw,1329,283,243,53.8
30,Unknown,HVo6lHrJKRyQkh5upxg2DGD4HTZPmQ8psNbrUkA3WcihBGeD2PuB1ddv3Cpns2xKu328sU_MhiO_VQ,1329,183,154,54.3
31,Unknown,L0wxtXU543k4BqVybbgCYEAYaJsQ3BGG4txpvcNEJCl624cdLIaWELTwNdqWG4jWTiHeFkvuNqs7VQ,1325,135,92,59.47
32,Unknown,hMhfEm_OgwGvhM5sm1f6MbMjp_K8wUT3cV4uQMC3aSA3RWQ-zohVB1ufNiD4FpEU_0duSeJNWkInwA,1322,201,170,54.18
33,Unknown,jtO6KC7WdvbIMKQ11CjL1k1IkTBDE4Hg2wII2TgIlHPgRhEO5gq3ETCCyGjp1BA401AKVZUsGJMKQg,1322,111,68,62.01
34,Unknown,fWbteAktFxdNEtP6b-NGXHNpewEXPrZpkIX5U490wIozAOM20qN-gQ85AuRypGiI-0v-GtJi2KBjQg,1318,259,218,54.3
35,Unknown,XJJcnDMbtnzXQdxc_DpVEjMcpVRK9AZcImD3vh9fqU-0taArc_ylh5xWPh7SDxqLFI8LSVhoJd_kMg,1315,138,99,58.23
36,Unknown,5jNMWV-_EUc9SMKr0XucwbmS0Xbo8fbE_KMm-l3xHRPG-8bumhYVHASM7od8PUzSApDTS_J5KGQrsA,1309,107,71,60.11
37,Unknown,h3z9aH3Eddfervvx5o4LoC5yIUp4CK-ju8gHFUjKtAJqhHrQoXBXaITabE879xz8TfjCf9o_qGuFZA,1291,112,75,59.89
38,Unknown,kyR_ZaRWIDckqbdcoALF8JBK1ca2-jTlc5cWB_PtZEfJCT6PZtCP0UpQFDXNc6FnsZGduBHJMIVuRg,1280,168,133,55.81
39,Unknown,G2w0FWy37mqxyAr2mPm2MZ1yGWdLeer0neii_b340rMl1WC3s8Uva_beos6Z00PIDsVumJPF-k3VOw,1265,132,80,62.26
40,Unknown,3j7zi_duqivWou42uJzyv6tSxj2x5KOneiG2C7yisCQMtoOEIYljnINNerwOCMbZcFdcgPZIJQg41Q,1264,219,174,55.73
41,Unknown,XBqeG_3cQm56_0K1wX8grZSLkKWVJufopNr0iEQvDzyLlaMmLVBen2Xihe7Bbds9NpAy8n85rtMfKQ,1263,490,451,52.07
42,Unknown,QeJ9eBXsaGz5h3L5GVzSFYLXpbaCwiPEThRbVwFu7Nm8ws-YJ0zyl_nzNzkTOaM67iPKYLT4-sBDbg,1254,163,131,55.44
43,Unknown,pNlPPSst9lgwpVF_YmkK7-mOw1WR-gN8sf3ydUB_vkMQOwzkPJQkdx27M_khIxqVRREH6ccEa4gUKQ,1253,155,118,56.78
44,Unknown,mTIW4lNaJXMz2b0GkxTCCLokbEXhrGn1VAkWcFenEL6sjuaEBi7BVkzYULjB32T9SXxW4lMj-cILXw,1251,172,141,54.95
45,Unknown,i-aC9Uf7PZ0iMyTktgBslIplS81Onne3aYIRqzIumq7XU3mGFHAP4GVBWfKefsuhBlo8JiC4WHGKKg,1249,148,122,54.81
46,Unknown,FTXgI5xnWEZpv5db94bZPzpp7ouNHY2l8sEu7swrD5HPBLoyiC4tMsiNPqisCUoWEybreXY2LzEk-w,1243,195,156,55.56
47,Unknown,i1lHyS1emVmrKEXGX-q0XTqkOC-4BSc79qp1tnY55D0rjyFbZQIebEHKWuvB3en06Irb69zX1TA0Qw,1242,131,92,58.74
48,Unknown,ZOwYGTIrgz_DeQUaNVBs-TFpbobXm_i7gAVSFd4nPK9f4m7jTYD668vDAO0wcgQhOHRWv2uRFjl8Zg,1235,284,225,55.8
49,Unknown,5ny-b38oohYFzsE_BD6lXpDM942yiOO707aQYeJ0a7dfa5fDuuqXAor9BHTw9r3Tr2P9YnV9cINaFg,1234,197,174,53.1
50,Unknown,0OoiqDg86IwiRSv2pHnutTjznV1likVCZfF-eVVFm7O6cCvJG2X7BsUwBDgCJNV3D8yG6xf0_DNS1Q,1228,179,135,57.01
51,Unknown,nh4TAAguA0Dxnv0oLeB_L2kJuvdtuacq8luOMJmA_YbGIfZQQ-mZFHWY1PfNqga-ik-dMGrvI07CWQ,1226,164,131,55.59
52,Unknown,jhUJ6l0wYB5oM10a6n4gqYsFGmOjgqX0h2DAhqqxpr6v6pVkAOe6-t3ihLDpQIJARDvSPa7tvH4CWA,1219,113,83,57.65
53,Unknown,5HGgY0Ga5nXH36u9c5MScpgu7rbjV3ck9haP7NI2k2rxtQfruhsecLCdDOlPl-ceyIlNvaenjkr-vA,1218,103,65,61.31
54,Unknown,HkUMknijQj8WzP1DrHvd8P8ofbxlkPnM7WBEVTusrM5X0rHeSL3edbRo0PU7uurSUS7GqivFzUrnmA,1202,217,183,54.25
55,Unknown,aeASvSZBSug8tVHzY1M5uLJrQ_W2UfTsXFQpfYgXigPYAVD4BQh-pLu_DpJrcP1JveIaLIGQ1KnieA,1202,206,178,53.65
56,Unknown,7s2uDmFLwMIyzSKZIiqOPAQfVd0vnwlhwDIFloh3NLB-AcXaxCYjc8l0bvGSEldJmED9mU6JD52Jbw,1201,144,117,55.17
57,Unknown,ECwkrrukFpCD2BghA6e_e_daUw-CD3jSPs4gQTx0dPAGPf69dJC89jAeKHfVNP4quhomW0b3TBpTEA,1200,225,181,55.42
58,Unknown,X9qXA-NbWIo2tliiXNayjwwWRWdUc_OGgyJAwZtR52WdRu1Lrzj8tWVeCFJ9AIG0NjYyN-57dqrWxQ,1195,191,159,54.57
59,Unknown,R30Rbg8AvFU_YyQzd0Vs9bSaeHlx5luGisQIge5SPmDPlPzZ9kqOnFXEav3N014NVzWOVODEx1qmJA,1189,116,74,61.05
60,Unknown,MxjqCQpntXMMZn0MQ1xCzngqM4EJIGxx5wq9JaUucqQKv-sbBdgKe7KOdZr2rOCE8kMQn1-DR74mIg,1186,216,181,54.41
61,Unknown,kXoEk8cS-tktKgZKX0kdY8nSEzAzt-1a-J6liSh5ObL4bFc9d4gXNXf7glg57oGkgQUY2lMzHK0nOQ,1186,99,63,61.11
62,Unknown,uh8jt_ynG9EjftsD-A0b8VBrPHjX7JWICWcoLaq86w6eboEG3o5YXcxnUUltLlz1XGLL4-8YHbtEng,1177,300,267,52.91
63,Unknown,bcdESDZfSP57W6qndUlnmXl-3cwtZC3ybvipalyTF8KryeC1sjV08tRwoXcr25YCWCUWTSmq03q0KQ,1177,137,98,58.3
64,Unknown,qAybzM1s0e0Id8Nhee4VGUYBTX8wg2kq0UaYcykjC9IY0yRr6Pi8SLH2cz2v-dqNC1l7igTo01N3cQ,1176,228,190,54.55
65,Unknown,R8_HTGrns4YqHn_hK-TLQjlGKwRelu8YDvTNBH62cgkTiKGqtW8Bt9QJbuqsfrejzfbe8-GsTo60RA,1175,140,116,54.69
66,Unknown,NfFCMsLH6aZqdtCfkdfpyh6069u9Q2W7ehUrcVLZnAU7LALQ1WEnQn9hA8DFUSr2BZTY5wjyonz6kg,1171,185,113,62.08
67,Unknown,cycYHm8FJNabCEYdE8riX8gWg10BrNGiF_n1kUjAG-iGHP0WBlZPW8zFuKcxtBt6ja2XYw3tb9f6Kg,1170,338,259,56.62
68,Unknown,1YwQXMcoq3rfE_VJsEzqsxBIP6w62FKGYbCu1N3NcAiHyzcxMLLLd1trtkC4v1DSrDmdq0maELUDpw,1170,233,208,52.83
69,Unknown,eBPuyeXyVk6hEwcAEAQDhMJ12l309DdDbarEs9K5dZxFRyZkixhM7ysDqd20iNQTv28E2MJwV_uadA,1166,206,180,53.37
70,Unknown,zddM19O3ZxX1KNqt6LKU2uQCEp-CehLqbnksUWNXpXwZy8O3oceg1txy-haVLzNHgo2hevq_qQa4XA,1165,160,134,54.42
71,Unknown,07vuSouR2JPeBZFXM_tRaQj0MxxxSvBkAUluZmkfTM3oT2MflaD8yU3H1z2VZsaKShHpU21lsnaMqA,1162,270,247,52.22
72,Unknown,T7LNY4pmgAkW8OausWQm4eNJ3XLSbKUg5hiYg2A-FaHqRp5D04x_7P7UmyxTTAeO8Ur9s2nXoyeH5w,1162,266,239,52.67
73,Unknown,F0DApYgrOTBDgn3AVr3t_WmCeNsOs2AXek7ektv69iCvA6hI_Ge12o-P2nNEiR7GHdQDL8EJeXCgmQ,1155,176,140,55.7
74,Unknown,hB5OjtVPkTLcZqOenlENF6t_CXPr0ZFk8YLtyadSt4GYdQVBi609ZsEHwZvYcBYuskp80XvXWvQBqg,1147,117,89,56.8
75,Unknown,YbgwNBVPwfFp29f-8bUhj12w7Jd7tbpzHnMlUdFmV5c3TgdMhTtdLwRPPsFVNkOqOmVmuDKde24QQw,1146,186,156,54.39
76,Unknown,flPHSgSGhG311olEeqptIlBMaqSwUSZrkluqNxqymUZQlR-jwLClQumkQNrQ6D_GP1Xzm0Qaa7ZteQ,1146,153,115,57.09
77,Unknown,JwNZOYX0C-EmAIUsiXenOXTbC-L_2NHIV2dzdd25JK7kcv_gbKGxUUmTU-tOE7eFc6jA2aGxeQvVrw,1144,218,195,52.78
78,Unknown,2NFKedliLRLTuElXCbwJ-I6ZVM4rC1AH82elbvjxfS93MwcCSnSFSBJmjk0DGJbqOpHdnGGMFWl1Iw,1138,153,100,60.47
79,Unknown,hE9Z-JzgE5U06kyHX4K9nRUW-fw9FIwRQUJGAVJfRbnGzIr2WqliYx4Nd8hktymnn_6fPH71lG5WzA,1136,190,164,53.67
80,Unknown,_Y_HRQpscfjQedgCft3zBZJzW_811Waf53KWurYM4Jc2BGshmuHKrqIvR8yIM1xpR3UaGlwuLbhypQ,1134,157,123,56.07
81,Unknown,4Ec1xa8BAJo4nwxnfxT-UiOJmoDHy9VPNNsWLTQK3h0ON5fSS-JjRDGs2IZEtGlf2xLR23k3DtEcng,1126,239,217,52.41
82,Unknown,zKsIc-fKo1W3OIWGhBigbRL1nLeisPfTLeGmFtSFPMUOKBYU1OLRFn-SyBer8jSjahDvVJQ1iLAndQ,1124,190,155,55.07
83,Unknown,nx62VktYaT7kZeBKpT_8OdGkzqN0UHkANqTWgdMXu_UzD7LHKScMzVTc-7-7Xc3zLG3bYTWjtGHpLQ,1123,421,383,52.36
84,Unknown,4LJTQMG2o3tsIpD6sUZJklnNbBiHSvx8it_YWP9Q7dZ4j-Y5T7tYI3okXpcf60TgMJZpjvg-6hTpAw,1120,104,74,58.43
85,Unknown,5CU-BkTH-VPWc5xIkt7eNgnrMDUZIzxJMgm5dHY5_zU7dg22Z4a6_60gzC-u8Slqm4Pw0YQnsHqVrw,1119,194,174,52.72
86,Unknown,Eeb0JjNWHmTqPrsqrB-u-wl8whUBO0HqREiOY7ZbvbWlmeY4pW0PYMYFHsFRiqAA5VXhOYhFsT26Ag,1117,248,219,53.1
87,Unknown,GAUGZFKtfhx7jhtm2UTZS6_OUHFMZjutm0R0OozXzQjdR847sz6CafJFyUnimeSawc3qZ7dHrXSvKg,1117,213,177,54.62
88,Unknown,LEn9vSsV0oiP8sRIGSKTlgnwuahxdKGgFrB8sL0XuNgIb_aRrpB1_M9vZYfV3U_uLXMf2O8BLOO2aQ,1116,195,157,55.4
89,Unknown,cx79WYr7iFA4niINoYbfu4wY5oNJBFbKqUfh6iSHKX44jx5KmDmGkah71GPl_Karpl1BiTjsrxj1PA,1116,110,86,56.12
90,Unknown,dsMDPry-KNKcr2Zyg_f3cEEFHs373ihk8YysEgu6w9_zMAQItd9nntxIKvJUalBXfjCKGRc50lsU_w,1114,135,95,58.7
91,Unknown,5hATwXp4LwDSmkM2_tridEGg7qO3HXQwTJFOR2gP5P_f6i-MVLzmhy2R9rWS3Yb5VDjOI_BrbmBlBQ,1111,273,246,52.6
92,Unknown,1Vv4-yOpl7FkYUr50QmeOULoMiiJ2fjZUopagH_pDuSZNUNhQEEajDnYfDzUSLI--AvMODnu44JbEw,1107,276,246,52.87
93,Unknown,tT9ve81d-gXZDCF_7vMXh3KvSI6CRFr8f2XOg-kBFpEYAopTh3KxiIvE2BShaN-zXx2ge-qhEQiQMw,1105,118,87,57.56
94,Unknown,5nNeWduHHnpLzlqCdLNAhUycpF5wH9ptGtaCXC97b5y7R9_qBW84qy3ofkKuxWPgV1kRoY6feS9dcA,1102,147,110,57.2
95,Unknown,O0gb--4s4dJj-GXFZgmyuqM81220bVEIhd1vuWwikMk8nnMl7xuhC8U1wF_cj_bEUyF7rAYViNwUcg,1092,249,219,53.21
96,Unknown,mfQi_D9hjL4HvCweYNAv1eArMMfPutlFnWaYBRe1xe0nOhUIpf19EZiN-rhpxNNrOxkoqGRvyZmCUg,1092,181,151,54.52
97,Unknown,GbhVf2aHO6IKMMTnD3h2rMu95ZFh3VoffqYrero3IMCX39epP7Q-dI9Civ79fEmWZ7uaIohqtDsJZA,1086,157,125,55.67
98,Unknown,dZlrjn8MUwL8Vx-Sx36wfsVJaZaszRqbkUBnhO7rrweZPJMu-PmxhYGebDYfwiAi3v1gVN474kYnbQ,1083,188,142,56.97
99,Unknown,U4AC72mOzsIXgX-kApvleTgPsLHInIMVJ6nbanL8nrvxXMIFzXFmlBbcFbAUQffIc1IyDIJN5wCU7w,1081,223,204,52.22
100,Unknown,vIirLV7-vZleFqbwOVmA2R4_nnkjEcs60_c-OEMhrV8XvYJjzxQr3ZtcX7hhBTlvjK-E9kZe_zi0aw,1078,284,231,55.15
101,Unknown,YCXEylCl-PSZXdsBjj2hMsSyHaiIWLVrS8oqXhZ9ioySRnY5q3EzY15uJC_zV8ZoQ0QapCF1Esp8dA,1074,168,130,56.38
102,Unknown,W3PRYH5JxkRATnj3faQUWEOng9gWkFz8z5X0ImLiTRe7q36XGij9ycklkCVW2D2wjpzQjFNEADajsA,1072,177,144,55.14
103,Unknown,6zzUna1Q25VRBIejK9bUG9LBdIhWQkb35jwPQI1G0enjNyBUiviv5V6CXAZ1vmwMTYfOXH0OXHAJow,1071,205,167,55.11
104,Unknown,G6tIxx3FkOXReNnMzJQdXiUZwdcq4Osw-6awju1d91PC0WPa1l0InWqDViMR9XFD4SYE2r99xd8W9A,1060,158,129,55.05
105,Unknown,6PU8KyUT7SfeVF3wT9azAZdELMen9YglxZAgkexVgDaacnmQuJR_s0kdhUjZmHQ4HfnaFSNxN4y3_Q,1058,157,135,53.77
106,Unknown,ScJ0HavcHBVVq1M1DU4VeJnorxzhO1rSaMsgHKZTX5E6kScgp6diJPUfcE_dktVKLhPBbnFwuBtT6w,1052,156,116,57.35
107,Unknown,cI1-NMynHu2_hV7yZKJc5ariBLxQ_x8nmp40zlSFiEE9c21yjqjXIOgpTjHng6aH7aUvbn5-y6n3SQ,1051,199,133,59.94
108,Unknown,yyVsgonn35TeTaQ9_twUrXx1mIlKGEBftLCZ281VW2i6JZkHrSR1ufRkjrlaGQ0FyqTTQUv7K8Wrhg,1049,109,84,56.48
109,Unknown,ZHe7fqkQwn838z2R-sNpfJYFwVElL5x-cKAcUE5zVxjsZTpnMIhIWcFHPHtyYtKVkyXt-5gOHv68sA,1048,295,266,52.58
110,Unknown,z1MrQFrC1ISJtyinBwlZ25-1PxW8FUSaKJQsQNHvce5DGSkhYFHPpAQSZwVULvDOeKSUBlH2usd9rw,1047,127,86,59.62
111,Unknown,Tms4djElrIvVrFS8cSn_MVsAnlNR-HEmAGbycLKyNwKpUTJD8EquNJDK9WfdcJ3SE-ge_pJViYYn8w,1035,353,327,51.91
112,Unknown,hpDUj-rOq-KErG_L-eajJ0rY9VV68yB8eqlo0z4S-J4ut5YDx_7tO2eGHZoxHvOJOpRkrSEmSXcxiA,1035,216,140,60.67
113,Unknown,OFTj1B_bHQr4pofSC81ErVcDJmvugHypOG0WkaLtwpng9gPg9fhdnNOd4qBkWsGKczmUhdogE7wNsg,1035,141,108,56.63
114,Unknown,cl3bx8MLCqOk1WHTLJ8LveOiPETG5XVFhn_WowbxkJ2AkYs1g2OTT1yQuwlMxAuNCyEs1V9y4PhReg,1034,282,246,53.41
115,Unknown,2Mmr_OCU2cj0Jm6F4fK9eIouUgHJDtAIx6JmJ0gfVpFoisak4BP6s7ab2qlUawF7vZQhbowlhT5ypg,1033,418,398,51.23
116,Unknown,a24Z-bFDS_qOfEyuF_dvPx_2p45RLLPafeVK1t0uverOKJlycvqf_sa8AlN6tGC_uqVvWyMY5ot6Vw,1032,220,189,53.79
117,Unknown,CCOL9Go1YMKoSird6KSJaOIcGTc0Fggd7yAkyzyOpqoSztTJU8EZfCsmjuqnbuEJQDxRJBnO7CBErQ,1032,206,174,54.21
118,Unknown,sc2VLr99MxuP-Y9IJKxmH5cJ6F0H7gf1ptlDqWqeGrMki3VC95DM2tKW53C0pwM-piUb446zHin7Sw,1030,182,160,53.22
119,Unknown,zOGnoKIr-msZZdRn7maxQQdiMouKWzyWcd6VDS-n-eRDkLWsJeEAJuCwMxAjY7k-V7QFyMrftQgPyw,1026,149,101,59.6
120,Unknown,l9BfB0Ajez4WXN7xq0xW54WqpS3eG2Z25PPrBIEn6yQUFUOpIVSTQ_DA7Yz4GiYJyv_K2WT6eqTPEw,1024,97,62,61.01
121,Unknown,IwE5gbVfwtwIKwQnp8gqKuSlLhd2uD2Gx7ZEsU37re73yogLNAhmkcmVbmztyCju7cm6ueY2VY2PWg,1023,243,227,51.7
122,Unknown,3VFiGnsuPcE3lMGO7m_7cRzS7YDuzyKfBoLCi2yW9uq-1eOFnDN2g8HAVH6U_TdrD2ENZOcWHcmT7g,1022,130,84,60.75
123,Unknown,oGIIYSMXb7rGtKZiyqWMHnLGFPaupevZOBILXAT2FAlxpTctt08kaF5eAA3Qw_KFZOPJPd29JvOmJg,1021,158,133,54.3
124,Unknown,_OHCB149G5vdDBAB6bZ42HKeZ5gFsvsMpp-0S7sDgak3eGO1NTzTyrlGaonQohaxaZNvRUFI38L8AA,1021,122,99,55.2
125,Unknown,pAsTTBCJjgHlXDJmtT1AVCBH7_PVSLhVrgsWM5Zb3t9gza-qxSlEm7__Q43khSa1z2V6CA1MH6mrhw,1020,155,115,57.41
126,Unknown,y4kMgDkh4L9Zp-oxkm3i2ecgYpbF_10R7APvt1qP41tI6O5GCONo1auyYn_11vpvQGZAZ3U5Ny-2qg,1019,90,67,57.32
127,Unknown,7EAiX6Kt9caX6FMScvS5aVnfdKaIAMChQHNjjzKuSBewJbH0a0_pxxaoIZfzSKK91aUy54uppBn4lg,1018,222,202,52.36
128,Unknown,xg_zkFYeS_8rsNwb9c5jky8zCtxSYiwPu9yNQ1yKKC5SdSaV-SPkaJBzQEwCYLaYJztA2TyAk3FsjA,1017,242,214,53.07
129,Unknown,iNXMdsWADPRQSYn_4NMEsP1-ABCv5ng0dHbdlU32109nzms5A9nuuW0pkglVfvybvKFnzFU9VIX3dQ,1017,231,199,53.72
130,Unknown,KmssWAaVzUA7s7L8KXKa4IIDXwftAtLkcH8H32SsFhneZFD8VXf-jK_p1w6MZ75rjR3s7ixjVLA2hA,1016,306,284,51.86
131,Unknown,XwLkuTTENeCWt-wRh0o5mCBj7o_m5eXOMWiFGZc2yTnZXYajfMgGL55prbQoFpjZdj65lZuzg59eLg,1016,178,144,55.28
132,Unknown,Tb-572A_HVeeXrwWpKhADLQCRXWZc8PImMjEhG6c7m1GBM9m9n3OgL3jL6Z919lZXn3TWA_aVu9Pvg,1015,270,247,52.22
133,Unknown,aDnhVZo_SVW-jKSaYGiyY_QW1yed2Fxd_ipkJ_FmE1NW-odFENh1KwQim7RglGg_UT0ySl0iB-Ic7w,1015,205,168,54.96
134,Unknown,FHZASDuakakl2CjfbK3Dd2y2GW_NqT47l6JzIkX5OcLSmhsVKYm7hxMBqA-wBB_QDFZIWih7KP-jCQ,1015,183,150,54.95
135,Unknown,PpG7Z-084xTER8l6ESu39Z8FHNAQ-w7Dhe4CCDCtWBSOmjEiIp0FhxtldGGe6_5MWiIrfsstNeST2Q,1013,201,164,55.07
136,Unknown,8ttX9tS2z2PlK74Pzej9MHsvyq9p-ahAeeuueM2nyBZWRBM2TlC3yFvR--69xOTvPq4t7XcDrJpxDQ,1013,131,84,60.93
137,Unknown,0XzrvM8EJlXWUcNWoU5F3jlnpP-dblraLwraWR9KdpLJykw2InYs96ihB2Z5VxaN1SuwKPPfybzo2w,1011,133,91,59.38
138,Unknown,vDl7kwV_G_UZLJIWAiCjcGo0frVV_N8oj5McsC39B66ru_qfik5RlY9avAN5yWYieyrU7KgyOfvs5w,1010,230,182,55.83
139,Unknown,i-7a5PrWWhBm5JZoPOOVXSBCSx8nl41dZMQyaDNsHHUyzXgSvP89o1h01qbPD3k3UMvUlYbUsKv8_Q,1009,136,109,55.51
140,Unknown,Y-R_FUnw1TTu1i4aCE9iKiHalsmKFvcswdNwc7IOJa0vXdr5wmGgi1QMVzIY9n9m7Fdgw6H-ouc2tQ,1009,122,69,63.87
141,Unknown,nC4KftACd9WylffygdhQkUZc6K9btY-0-HGYMhTw-vZvM-ruzOnJiC1O4dujXQUTr5WJ4DTsxCvt7w,1008,181,148,55.02
142,Unknown,H13AnmsouGrIF428mvO_xZ7tvIf6Q4mPH1A93AOkimLisqJMGHKBwT1KLX_UXttWudU6pJGY6ejMNg,1008,151,113,57.2
143,Unknown,pMEezdAGiS1yQhBpambw60HDYqryg5a4aOfLJxSLvsc4Ywnq6MXyOVzaWZi7nIEu5rtctUBQB4O7kQ,1007,160,127,55.75
144,Unknown,KrvmNeywwo87O9bRuOurRqxtGmdSgzzZ49kDy9HsnbF2xGEfSHvs4q78vtFLI79WUhCV_1N2mU6F6Q,1006,188,164,53.41
145,Unknown,-V5gLCs46uJ0bhg5VDZQxd-p0COQjZb5HLiyJlEJMVAluoB9aT8tbP_DDbp82CFHa37Om3nFe8qRSA,1005,196,157,55.52
146,Unknown,AxnYDJZGTBtGY7tdvqYBb0OftQnGbPLwQ7_2OgI--GRkLgpRTsV33tAMpmCP0vGsEHJvmo8tAMiOgA,1005,139,103,57.44
147,Unknown,KZ_JTZu7CJ52-IfC7xamKPd9-wJMSUsWOxsukZhNDKAR0uyvbruejwom0UyznOLa93j9TlfKH19qdA,1004,272,239,53.23
148,Unknown,1g3hof3NjWDbXR4ygSvbxJyG4na1hzCdBDUlp_LKbQjAIzWNP0OrZ23g9BpH-K7tCKQJxyY97eAZAw,1002,126,82,60.58
149,Unknown,5KIcmcN9lMg0OCveufksSf_PrYg-D6wSMpupbvpngP53MbQ3M23Kw5J6lbGPy9fi5xeJcnglIWmJxg,1001,365,336,52.07
150,Unknown,svH-X0AnKH_Jux7kKe32vfxljjs-FxmBwQAUa31Loiu0j5YOXfU1xEYhpnNH7_iyBXwNw1w8OBBmjw,1001,135,111,54.88
151,Unknown,-fWDL4ALSpPYsCzRdS6YnNydf2hqgFKFiQ18QVnCMiDiznj6Bplm231n-qRHOwEt_YXXvOf6siHwjg,1000,184,164,52.87
152,Unknown,60snWAfhFRbXpyolq2hNW-7t0SFbmDU2oQ0S0tHutdRkjVTdwdN3gVPOlXspVTaBLZMOlGYMmyoL2A,999,287,261,52.37
153,Unknown,2mYCBFerbgswqbldBhtMKPYVnVTmGr1E05HVy9MKQk4Wx4MyUK-ledGBDiAn0SIwrXiM3Ma12BW-Lg,999,264,246,51.76
154,Unknown,Sto0ZRcWtPW80NQd_cQYjUDFAMYrAw6WWuO0FGJIdMiZ_kuKynXdzOC0e6-wuSmnRiAuhZL8LxsLcg,999,131,90,59.28
155,Unknown,-bQDD-laCGmXfFpnRYk-2VpeOSTo4ye4b2HkDIgv10IdxBlaW43fcbMQRw5fp6V51-KNsjZPRFAkhQ,999,78,51,60.47
156,Unknown,lAYoOa7f9i9EgZvSDaony03zRPzrtRtT5uj2McXIbR8cVdmNeQbDDg553MzLb2J4EP2KX7lQsJbxIw,996,211,152,58.13
157,Unknown,vCPaYX541-kIMpsYjL0D9El-0MmHZIT4Smm9sAKjplcOrHyilhBlLi2zluFw5H2pXVZPVW5hH6MULQ,995,92,37,71.32
158,Unknown,BAbTi4bJicVlZcU-Iu43n6TDjYm8qM163psSCKtkNC-k7VnRbN8_m-pykmITnvy8KwHhQJahqxcwUQ,993,194,172,53.01
159,Unknown,mzG0Fv7lSHMGPesmIR7BDIm8KYw8DV_DuypNlLEqaK8rx2CMaRIe4fuUljrAMJab-NAZaSluHlUiIQ,990,148,110,57.36
160,Unknown,gTssT0Atq4xGdhumDsW1fxUbhT28YiAn7uGUz3WWarOIh3QcdtdMHPzaTP4mi_nsV5FOB2sHtzt59A,987,140,111,55.78
161,Unknown,3JFzvIwKTEU1ny_K_rej0X7E3mU7pBnTj9s8yoBaqWkHZzrBFjYgmXhDvi1mOSx-PHw652qqYkyyYQ,986,138,113,54.98
162,Unknown,JM_RDuKRd6s-DC324OWOSZCuUug8_ZnCJtCNCxZrjI2lPFt1FBLjWCreTTfwnSfmDwKQpGzZFOv6bQ,985,162,141,53.47
163,Unknown,MaBBIipjPyqpljgvMvEW9TY27jQ1CJFYezrlCoOqImbYMV6-KnCDMa9oOIMI5p38nApqiH1DQo_Xjw,984,127,97,56.7
164,Unknown,BPfua1CsNjA_0rywxSj_HbcptucXjQg5OCFEzM3T6gvMe-wZuFfDRCjh1pYSjkMX9AeWpXqOCXupgA,982,403,388,50.95
165,Unknown,ETF8h_AD5NhKNMWB8FnGI2Vowb1ZIxyx0VATI7PhLtIK0woxq5r-HYtwk71g5V99knoPuSPHAAF7pA,982,209,132,61.29
166,Unknown,x-otaeDTJF4kniAYN1olAVs3DFWJYkUNRi9qywvXQuQ7Xeiurj0Mb7ByJh5se3YfQ93NuVFD_zU4qQ,981,276,233,54.22
167,Unknown,X4HdyToyiVUswvCSdoy9_s-fOMW5b9xbZLXIS2tbf5In1xXdF6WflSIwyZL0I_cTiyg3Rcd8mbMviQ,981,163,145,52.92
168,Unknown,VR20U_eUvxa89CfHVcJwKLH_CfZGzRbQkiCwaamV9G3f87Ly6Q5bvzu4gFQ_C2JUIWDJLcaplFliJw,980,131,110,54.36
169,Unknown,pWoDgKS691tL6GpDMnMgjDurpMuqTiwpZi9xOIVBpLrpt9zJkkARfcvqN5aePUmuSyLKqdGu1_rSLQ,980,119,79,60.1
170,Unknown,bAEiMg23hcv43vzUIa979CnJqqsVqDoa2upbHqz-TQgJPnJXz38d7Sqd4va39TXemqOp5sopT_hcKQ,977,473,455,50.97
171,Unknown,Jgp3m3P-cQ8ccuCwBLIwVZxStkyEG6AehNZeEg1pch0MlPzGPLuvvO3inEgIB0ZpighJ5IxrzeNxxg,975,220,203,52.01
172,Unknown,AgjL-jCUA9qTd6x7z0Gi7BIGLOkvN0BPWNtq2Xg-zGgrExdkFia6zgKJz9bnhEX-X5Aqyy3zT59P_w,973,249,222,52.87
173,Unknown,S9hqNwFJBHZ9cWG-aQQqBOw5d7KrleliVMNXH8RdhTpJpsJQ_7ytnC1gotvkMXzrBG0w4CP_cwDbxg,967,129,115,52.87
174,Unknown,gMgvRy9mS78IqsY0tGcajvvzyoEiCDBLV3bV8GekDjH0vlfsDG3ztBCk3P8wPryC2hSW3mkzn6ZywQ,966,179,167,51.73
175,Unknown,-hpTjelF5wG4zWH9XNBMXs4aqrwlwGr5ycqpNGlnbUbTiYPJGw8l4_2Y6I7oKcXS8ub9bRIJEr49KQ,964,137,100,57.81
176,Unknown,qPKyCAjkw5Z_sh6j7jeGGBycNVAHefK42dAmewzwnofsVldrxTUjVSRHbH44ZDMynJ4Z-XnUa4WG8A,961,270,243,52.63
177,Unknown,vYIkIC0ULIu5s7R0kYU2olnEbh_ri5hmvLi9DsHVtygA_0M9Fc4yRP_54rSzj4RVsZgDncaV13WsIw,959,213,167,56.05
178,Unknown,By6euHe7axOZp1XIyahK4C7aCuM_r2dZUv_pbgGhxkfZMFTdDpZVOGnF568yYnx90OhVxHrNFp6HJw,959,187,153,55.0
179,Unknown,qzsTPKXxlNPx5-AJSMeK4Xwc9BtMXhLmXLfBcnY6jpxUq3SAH1uwGIndgmA15qtTsYi20QCIQPOJ5g,958,301,281,51.72
180,Unknown,p9kE1N0xTX9rLdQHG2ngC_OHwW_y6nZyj3bD-gDELa1iqm_Aq_VB_IUEN_q93ZtxNoaWQW29VL0uqg,958,227,177,56.19
181,Unknown,EiBeVOByNRU9yDPTh0tXvOvpTbeu75cv3v05wVstK2w_PazBkeoS-htGZVh1FOn41E3QCcO1kk-d2g,957,144,72,66.67
182,Unknown,CPrAjid55utuQuhaW_8wL7cCvS6rrk-rpH2pAjSVqW0IEpjmsuUPIZHrVawCQS2zbelSwghsNP4tmA,956,157,126,55.48
183,Unknown,LTqGHE2SpMmXDIoZqvz69IzwouHtjA7qagcGGSvGxf35yatapxmFV7zj_9Qdz1hYO3QKjNeiVKS8VA,956,82,55,59.85
184,Unknown,V-r4B5ODvld6v92EuTsKsrxXG1-L_GCyyq0y8Hb3zMblSxw3sDo3tvND21ZwjD3C_laXF36MSljrZQ,955,306,281,52.13
185,Unknown,9M-Or_Npdwes3-ycSGKmXdRtabV7s77Hw-qYNRZP6LBlsEq7GG7Bl-1FF4LRQwSXTXvXfRpzqpRGgA,952,269,242,52.64
186,Unknown,pVdBYMte9yGs3h3UspYopJOUKfh0KjS68LWzJRWTT7miOdn7uYqDxrONurLq0CJYq351Nfa6iiZ2aw,949,195,131,59.82
187,Unknown,U2qsfinJDBJArUnC7O4A8X2iQHCyESJq16cgNjdNeXioPWSXRCK4bVZy4eVa3VRZKLG97CwXr-u_ew,947,185,138,57.28
188,Unknown,e4yA9t2ttGbEJMqO58o4gpDl89hyCCu5CBPy_sQTNHy7sxuu_eU-Xy8Si_-YaPam8ZUahLVxD9kxCA,946,215,181,54.29
189,Unknown,R5EDLCLQhOXMnq0xCdEl_HyOmh4CaFJz4bIVI8OSfgk0EYoYLPuKJDj05CHlwnrOkWLTr7af6Hz3_A,945,101,69,59.41
190,Unknown,seJobFsqUmDRGgy7WDHv9cve3Sr1hq5tEa3fdGMw8ZFhm8mbu-rtspqoXyTzym3l2gNkfMPycA-jIg,943,165,121,57.69
191,Unknown,c3jgnX9R6FXoH7vkrZkmV4Tao7M3ED2eFXtAcjslVSQJitxYJcAgbWsjC9PFS3N-NJPZ-MGU2muGXg,941,202,181,52.74
192,Unknown,hDG4rLBPvSom7lZwmoblBkXX7pElo8zxQo72zJMJTetdbtZ8f84XpzJRi0HPLRQDxAifO9EzkDBeGw,941,128,100,56.14
193,Unknown,6B_iTF5bL3XouZFHpl1I5N8Ig6uiNAC-Ae163bc830GsSZfeVAtmI8ihUgJ1HkxfwUtYh2Kz2gefzQ,940,174,126,58.0
194,Unknown,QNpNZiK6w8f_S0kDrXm-qekXdVlGzdyz0g25ScCegiOjOAX5YxhejQ6vsgN9BQDyiTnGuLtDxSXfwg,939,176,143,55.17
195,Unknown,itq3BM1OMZBpSF19I0S66n6gHis8HiVmRxYG71Mzj4JuU6I3yk1f9bzJ9Znzx2VImL4NK2omw0IF4w,939,126,80,61.17
196,Unknown,4psHOWaLH0aE3Nmq_JVGtWdSZmGwVgHaEi1TAglqwSu8J8lzey7UuP1VLSWysEymDfgY2-UCKeU-TQ,938,258,230,52.87
197,Unknown,xSSM42NT_g4_dWhtPBldpTr4j5cqrXD4UpfH3cDKl6aP6Etzn2aF0zjtvUWdmMe_qcM90UH2Xlwrhw,935,173,130,57.1
198,Unknown,ipgI1QOJSBh9OxBSpIxuZISS6hE_E42EIoiJRwyuTYajWDIN_Iiuh6dMYGpLLhCTyKJcL5wZUUQztw,935,157,103,60.38
199,Unknown,rHtw8iseemUkmVgXibN4kvJ4pX470_utla3HAcl5XedbRPJGC6Ot6ZiXp_Mq2BLwu3lCPHeu2MJsqQ,934,190,157,54.76
200,Unknown,HhZfygt2hMEaV-HZNeag-Nr4_U3_4q_ElXYEG3HULX5mR5lKbq-6FGuC0XaxXPYl8u40Bd-6B809Hg,934,123,99,55.41
201,Unknown,FpsHDZs51-QsaZkEG1VTd3MiaQL6Ln5d24Lnfvor473lTPJBB9_EkLIJvvw_OsCxBRlhMTvxOkplWQ,933,77,42,64.71
202,Unknown,njsv5o2xXyQTFLiURWFcEINw84ntkeNJJuv0nr5DMfhG51AGqSg5JfAWMH4-lCt2LF-H5SwyLP82wg,932,223,193,53.61
203,Unknown,erRSRRCBQJ_RPBbBHCxHhG7SkEHAYVqNA78nCjc4zUe-8SEza36lmm_Nkx4-9RpDfiKE1yWWpy3rXQ,932,214,201,51.57
204,Unknown,iMt6v2FuisYI5mk7cpOL2lVGk1XVYkGzxyQIbJ4GO-K6-5X38LSq1UrD7ruE-0q03-cCTlWhqbpzqQ,930,145,128,53.11
205,Unknown,pNfElvNxSTOXGisgF41vBZwDhT9RLQLKURn0az5O7Tn01KcUGdjeUfg_uA8gU_6MO0v5jm8wSiUi7A,929,317,281,53.01
206,Unknown,ApqWrP2WcHO1b9Gjhp3NR7NnOLFoaNjvzOeqkEM8-cfYNNzL307419fvdm9E0gPW5_LiB1RZ9u5u7g,929,130,107,54.85
207,Unknown,X9mwpR6DF9PEfXJapG5cystN_Oj0Yw_kRRBnIlpBpChqX5ifhzm1tLvXl29RPIaUO6PfUzZk7SId1w,928,129,74,63.55
208,Unknown,E_rRlrT4_S-16S373K2iA2pnVQ-mHq8qtvSuqMnuNH_23jquhPU-1OtHfFfbdM8OdWuUehaAMfKMaw,925,139,96,59.15
209,Unknown,QSqBVXQbwFqqpczkk7nOtVY-x7pqhlPyj7hsMhSN2SqCe3uz9MIMpBo4kiI9UTwquGt8GPnyEsmOcQ,925,107,80,57.22
210,Unknown,DCNG93DnWi2nW_fKoGDGohP2EJ1cF5ZZVK_D9EtZ8hJguOQsoQxUq0KFXAShefAiM6jMD1bIHzGLng,921,264,241,52.28
211,Unknown,uMtfy-p9X43ZwtkJ3nQGJjFwY-s7Zlu3TafaKLVlLuAlI9ZfqDMMasYZOvPyN5017ByXzwyW9TRLmg,920,265,232,53.32
212,Unknown,QUB7RuSllvnB4WLUrlXLC7mciGlh4iRtO5-ZYOdIPE4NeTU8K0MWcRzGU_w_3QrMThwUJ-qBYvjazw,920,107,83,56.32
213,Unknown,Rx3duAX9ivAfJjyuOEau5G-kgCuMeFiaRn-dlF51jtyDWTbMBSncNsG9mRnyRgXM4sjH_ZmzLUaX-Q,918,145,117,55.34
214,Unknown,ZFyfEd3TwFf-lEKECBn5fsEy0SK17PS39l15qpOLywl1eH3uYJaHKlB461hy0K8mmy0NP1enOrlcWg,918,140,113,55.34
215,Unknown,M84pATEgXLoU5XbnMR2xQiF_6M19wbIrS20q7sr75a2RcejQDJ_DD0pRekT5IxxhEClTKl2gPhWFIg,917,286,267,51.72
216,Unknown,A76qbHRg1OUsWSTA_dwZpq1Vd5yWmD6Nye5-vKOGWt_Tm0SQQCDRCzjeJJpjXPG_dxiBL7d-Z8hznA,916,217,183,54.25
217,Unknown,f5fc1tNO16m8DV0W2c0Isyo0SP3e9ZUD6adJqYxLetfszZ4U_v6HB-F2EOeaeQmNdtbNXbAKuqgrow,915,268,253,51.44
218,Unknown,C7T4M41sVWdEAZjUUGdsfGD5kn1KGZ1g68_VNqzJgbNSht1nRW3Zuf2NVM64NEr7Rv6cQh2HNjJGrg,915,191,166,53.5
219,Unknown,7GXtkI7S0YVXz--bTcEopzv8te3OWeIsfuA33qlSntf85uuOKGRT6BNWr9o0MRYOkRYNXd5hWMLmXA,915,100,49,67.11
220,Unknown,wdr6MwxAbcqKZ99PKygAgi22UCyUARpFLlhb_noFBBAq2I1cxLELApmcOxiPZO_CJs0jIHuy35u8Zg,914,175,152,53.52
221,Unknown,TiHqPkfbjmR34FZjwTYzOMGC4FEhqH0KziseBkti__gT7mCRM7WmvGC3PSx5A4dFKe4BUD0cwK0vhA,914,160,127,55.75
222,Unknown,rC6KycIB8X1fiVOq7PxnUxaqBVEvJToqE0PLogY9kVCbxG9RfHhmYytmjjtgDUacaTueAcUnJkLlJg,912,118,81,59.3
223,Unknown,x1Z90hXqOmjDzYw3UmqDNlk2XUKP_hEYvgTXT5rIMx1WYZSiau_RM_wgcrLBlzPGP86oCN3SADekPA,910,346,316,52.27
224,Unknown,tD2pKSf225iVtfaABI0bj5sEZ-dlM6fx_fXs4lttZOdNX3p8ZmneMt5qTqwO1oeBD1EuklbfwqRSgg,910,154,127,54.8
225,Unknown,fYlmWK3nuSebTcL4iL49C4xy3BTTfm3UQ4vdXycqScPG5B9u6NuJ2n3DYwbSal88meXCaxRVxAVYKQ,910,150,131,53.38
226,Unknown,aPwbtI1QwVWkLn2MJoz5p7rSR236ZX6KKmrsc0Ds23mN8IE9yX-E6gdAfKMm_Y9nA6WEiRgK0eSjCA,909,76,45,62.81
227,Unknown,z0VdPAp921SPng1YDpiuKe7nMxmrQylNqoPxYq9vM0aSBH-e2ZFnO3Wqlzy2P-XP4jgVJ5An7ZXqPQ,908,175,121,59.12
228,Unknown,QuvHhWQjzitJtpxiYFx6QWC9y7itS0XW1CRqSaaUAozUgWsIxcuqQg6uNY2HERZT1kxRExtoLnE1-A,908,138,112,55.2
229,Unknown,Hv0A7l0q3v0aCePq6We_GBrDD8WR8vxOC4iMEK0ew75KUY5bbW5tt5YIxtV4qsAlCny58x4N2SVfsw,906,222,193,53.49
230,Unknown,eDnjzdBRIgJMlinw9Eqacv8ehiD_r3XKRgjeAlVYp4PJQ6OhKd-OGrldjRTKUwvNF3Ngj0YhpU95Gg,904,141,95,59.75
231,Unknown,UdZdjdwa-M3gT5lfT0I80TOZj9i5nlQS6NC99QRDijbL-p-vPqxAFUmhLG4LfCIpD1F5KzCP_76p3A,903,162,133,54.92
232,Unknown,M8EdorgjQqbc9rNNTDjBHPkIElHNiD-ee8Wo2_T_Og3W_T-KFl4GTjKC18zSm412_UMhQSrbIoN4Hw,900,224,203,52.46
233,Unknown,vOQk_cJu-2knNqQEbmBokEGRZjJKiZIEAPmDBVwZW52Vz5mx92mFBtNG-WPR9OlUOOZxFfFFQQ14uA,899,185,123,60.06
234,Unknown,KkA8FroYfUesqVW7Wd8G1L_6OAa5mh7FiEsZHjii0V-8b0m7MWbfNTLsOmm6gvQgiT4iJ_TF8ravEw,899,151,115,56.77
235,Unknown,ttSumWAcKvb3aWu3Fs0eXdh-xjY_yvn8CYOfdZ32pUKvYp0CPXTR6IlDe46_97fKQ-svIh7I9lgM0Q,897,185,152,54.9
236,Unknown,NL2_9gtVBa14s4tR6WgegHgus7ojix8txRbFdPNIFJ2ZiSsBc924KTLrduoq-TCIhaT2qhXwUSDuFg,896,139,84,62.33
237,Unknown,2XPzT0YOTcitKdUAOtgaiVipc4O_LfXCYM9LGtoYOmfzrPdTDHYkzhpOut3Kegivp24m9SkBtUG-TA,895,120,94,56.07
238,Unknown,8MQXSP4-lyEjEUTncJOF1ma-UN4Nmi2_psgs4zmj4j9ycHWD-BeULmd4P7BBdKO3V7oICus1aKgMqw,894,138,95,59.23
239,Unknown,3LywSA4ixee_8v4NPpqeycnQ1F9Fhcnn68wCVWPMNEnvixQAZ5rQaa5UCSbpegYRP7YbL_SAydSHiA,894,76,43,63.87
240,Unknown,vt2B7ogw8eHvcQgsj_vYdTvXJPFmC_xWGjK5f_GQ_G81QKujuoxkBFjmWC305TnRNYBU8KQ9xFwCBA,893,220,201,52.26
241,Unknown,FnZS2td2B3U3NvZrOqQnPRvbcaI6PU88btsyAuXCUITSbB3KS2BB4emdT_8_AxYmAEH-wsxqrswUcQ,890,233,197,54.19
242,Unknown,DQ_W7NgLDIReAqBWkx3Fj3-YzHB-rG4exDs0oDpziZgrpBpccvVa0e2rWZ2QR0vAhy3nAOqxKjZp5g,890,116,95,54.98
243,Unknown,moBqKoT38VAUN8iHDqKL74RcIWznPvE-8VWiOoGz7bM-HnqTKm13NSeAPIikBwGwMTHOKVENtzSsZg,888,295,246,54.53
244,Unknown,V7ntj-owCAMC-39WxEIaEnmkdhiGp3r2AnhgY0VFgqMfshZNSt0ASVHOjS3nA4xB9LzumZYbGunqUA,888,173,147,54.06
245,Unknown,MPBhvygYmHdVxCZ6ACXUjNd4IRcs03ElXCXP4-CBr8qh6l7tL6nrzs_2URa1NONlkMt1D7WO5u6WTQ,888,94,45,67.63
246,Unknown,omYHbCrNpH-oMuvwREYPfof_9oP5T61l0tdhZ76BN6L4516p49ngKjjS9PM-U-J71jf4HrJi8yo8hQ,887,94,63,59.87
247,Unknown,LhL6ACpqNYsUAzdruZ8BRB8VbgfnVZNRRzAAiEFsA33GTtMCYyOCPoaONvsvctf9o8jHENCNx6Rdbw,886,324,304,51.59
248,Unknown,BjJs3MEg_ECHfydXe0U_iU1PpYAeZfeMVbOdgXsKaoUUF4Xxt1n2Xyivjsx_LhEZ5FEVwzR0CbFBQg,886,225,201,52.82
249,Unknown,cy4yc55hAeGMFjEz1smlDOtb5kVKrrENGpgZJX6aFBfCxMx3dTbsaMUWMb-c-bRKXIsg_D1O7pnYPg,883,111,85,56.63
250,Unknown,xTuhVGTU733HDovA7868PzS15Qo1HbLSLmo_QcwFlapcXQ2fActnDNecmjAuSOGaU66e8GhH3K1s4w,882,96,68,58.54
251,Unknown,aC8blSem9Lg9nyuMsM7mUm3lG6tdYWNeBHqltBIu7itzTmcmNAbMkBvsGxatbwD9zNjZoj5nS2o8UA,881,136,115,54.18
252,Unknown,p_3O8ahSMUpi8laShFBtoMV3cDHqRzdVwAFJoF9rg3OOrmbwtgnaUudXeZx1v8JAlf9ITgi19kd19w,879,224,192,53.85
253,Unknown,hGMO5g-Lqi7KjWRpAjakP83h1jB5hen2FxwJiHuxTj-GYesPeSqWIxK2N0wJm3JPvIB2LxByv_W5tQ,879,160,85,65.31
254,Unknown,k7e5dk4mwbEu5LMWEXsxbSl3ZpyFK08Fkpp5RwodrsqYFlvZiNBdlRYEyQlbNNuTNBpU0YRsWZVcug,879,151,87,63.45
255,Unknown,015sw99al2nodsL7Ngze0tHQItlnxoDyrOd8PKqF9FeC77T81tfz8Py13JqlmyzdsYBMLikhClqVmg,879,127,88,59.07
256,Unknown,oVTKbsooh3xtnvX7HDQ7DFHyGMxOUnzqBxmoby_-kvRP2I_tnb-20-msOVlgVWws9T51gpXgW73j7A,878,194,179,52.01
257,Unknown,kr27HqR-ZKMTRDOMO9fAAAfxPrh-39-S7w09RB2dSUl2-x4rcmzMIf0E6iREUgcl9BEfJs24XEBFKw,877,180,163,52.48
258,Unknown,zDdrE4SaUvjHcCWjLn87LSJvqK4BSpYYY_OJfl2VV3zmjpRqepjqYaXrH3izKaXGsMclm5uoj4PR8A,877,138,104,57.02
259,Unknown,gvX0joEWmvDkNLeg6kyECGW8WIbeBne1YtLL7YG4EXVCYD0Z2LEIGThkLjRlpWCd_NW_DEMxpZa8cw,877,118,92,56.19
260,Unknown,qSqV_xNwE32r2j8UZYcKEqwLVvx_u1F5qWnmsVzIsOE7FqKH5Ehh_ZZYtJT0EzmliWRSUbzdzcZEvw,877,118,100,54.13
261,Unknown,ETz7ujH0PSHAYiJJkafblik2MGsny3_OttqR-Y6tKyqrnOHbnRfSiNSf4xBdbo_Bn1_pT-FF0tmCsQ,876,335,309,52.02
262,Unknown,Z-edPitnuZV3dvHY_rJfXiEE6UmdwyaiGxCQXzzODgNuiDRBjaiyK1r6faZBQuQKseuK4HoxZHsDtA,876,261,227,53.48
263,Unknown,eeGqpuSovwH821yaY_ZpEMLwAHFRJ_FEy6EMeAAsOGwbca9v26g-OYIyloIUs7JCTVEvkpmLmLQCdw,876,165,148,52.72
264,Unknown,xN4WelfpcAAP3kE2OXluz1LNQetQZp2A5N_431w2c-x4-YCgwyu_ItTx3MLnoT2YuFm_RMMF44cx2g,876,162,135,54.55
265,Unknown,ewLJwE2u6q8qHrmt9_2LOxFcHrakNT3tEY_6usqI4FbGY0KagIbkzU30Un8mPE0yUPxut7MyWxQ7-w,876,100,65,60.61
266,Unknown,RVzNIIlXXVfJLCktGdpo6nr7v09sdxygg-B_gDSiZzgzvdvwNrnan5IS2EVH2cs2tvMPDrG9YgrBGQ,875,171,159,51.82
267,Unknown,f_Rsw2zg92n0AtbXhYpiWvl8btZSF0yTmJDZ_GUN8pavKzSJkBuK7HVsieQgTdENrY9ftTtSPVPuZA,875,111,83,57.22
268,Unknown,Lyx-bAs0ASYSnSnObW-Ew13x5YkWeav_RRAWOH-oBp41kf6pE_q-7OhBlqqDQLGrR9yjz-svSPLx8w,875,83,57,59.29
269,Unknown,1UcP0iiMfjupdCC2sxiH0wiCJinMYUvSEW2Yte_VWZVuhX5CcVYsAAhave2daH0WTyvcTAAoK0OQxw,874,224,189,54.24
270,Unknown,MWfUlxYfqRaK7P06WdIrBouDW1WoMs4b_dhW2dmqrA5cTGx3nxWpzi1x412HmG9hdAiFUMkGmGiEwQ,874,164,127,56.36
271,Unknown,68ms0w_s8fik1IuQ-1IN_raQbN4jAwl--52NaDJaJSuvPL-JMcTMtFn2yVXGxnBci6Muvyf9COneXA,874,145,123,54.1
272,Unknown,4i4tfnK1SrNpZa7hbk9UDCE8tUqqvgf8nUyXYP_44i_EVaCQVHbj5vfZYpx9EnTJ15JQTTZ1nMZLfA,874,119,95,55.61
273,Unknown,GDUez8acnKFrlozVnJYVLcGkjsenxOznMLK3BDWNGDJuVlrF3kZwdEkLsrNId-HSMl_jUZUgea10sQ,873,158,135,53.92
274,Unknown,wf7fOlpfEAxIUrim_36OETw1MxDDyUXMBW3paSp6UKX-BtimqdAaRHYlZxuiOhom0cDTJu1hUwiP-Q,872,113,73,60.75
275,Unknown,ZVu1GMhSNiImnqdlQuTxeNwxunUTlmL94qVEf6jrCa0bIx9DF3C_kveYMBUGREXFEx-iNvZ7KKIFZA,871,415,377,52.4
276,Unknown,2lv4JfJloYIzBOVPY4j0hi_glRWHUEzu8s0TZuL5t_nr1tR3v2k0DcFqiHI7p0kpzHTLslXNcmWubQ,871,168,107,61.09
277,Unknown,OzABK-S92-grXPEJp4anjGwKm2IN749pYnAIhFV1hxpPyDEkyok8yZ8ZwcnJuKfAyLEBTDJkFE2xRA,871,96,51,65.31
278,Unknown,hWAaNHM2KMmPmyoSTbgAyLyI6TvqyP-hy_1j3h3MbCsu2r3Izq0TtoygT_gSirtU4FFz0fbRIoxrdQ,870,238,209,53.24
279,Unknown,EZL1CYhQvetBfJ000f-kQHrhlhysPH4frKk7O6P5pV7D22LPwQdGqWDUJXWzIVHCZYkXXKd7Jrvotg,869,167,109,60.51
280,Unknown,nVbqob37V5MLUlR_nyA2dbctzo2M4b_9ae1zdK5QWjrYJNyFTPbjIo_2lpQUs9ZQYHLWMUOocjlUrw,869,146,119,55.09
281,Unknown,TS5S5Hh3h3_ckfEX0FYpuEtsdG2uofOfnKmqENSFD5kk-flDL1rqBUyUukXLzcDPoLuz4ue73sRqpQ,868,179,106,62.81
282,Unknown,lRucEHnP3fer_zH6pXFlEsE4i5peNqdm0g0Ee9G3NlHS81rj7FQUX_FtZi4RjoYetwuMtlta_2YL1g,868,171,134,56.07
283,Unknown,Y-KwpwEX1fIxEATvVtVXWpyc4KMjLHkZiREhS9yoyK_9rKoYZSKjfTp4h-m_tpsXOf-YeT4PqsiXSQ,868,101,81,55.49
284,Unknown,IxnCKMElNXzHvqAL1cJ8zzllCtysoiJlJ9uGl3pxizgYjVp_---003NHw93yAMA1L0hUFxwF1bBOoQ,867,358,354,50.28
285,Unknown,qC9XQXfVka3f1hvPHEhnS3IRU_iI467VEEDuq70xmzEw_11RWZeu7YBtagxw7uMMHK9sS8bAeWPKVg,867,193,166,53.76
286,Unknown,RW_yN6EC6tBBSO8XfJCdDZYj-2Rh5bkl4xIpuHORJDh-njS-OXZ6Kx9fJG2PpuW5bGIIdfKwZI9ACA,866,181,163,52.62
287,Unknown,MCxFuo_8GebhhWcfiwhHi7oFklTJ3YaeXhaGJNFqGaEwFwr8l6_hoV5esOdqBPMTsQMCwl12YaAdDw,866,168,142,54.19
288,Unknown,r5pUH-uplekTxNQEzgyUOWgG1duH62OUdd80WUOHQKOt_SvXFe0wtjRripCSrTIkpSgowtd65Q2vDw,866,145,115,55.77
289,Unknown,_fUBfR4f5WXNpPBxqp0hq7BVUGo_OFlnkMqlHVw_GcU1rqCjPMbQEaU8X9GEPmfcVc7fTV4wDRSh_g,866,117,79,59.69
290,Unknown,E6f7WTh9Grk40oUnW8C5XLw9iDN3Wv26tiXp_6VZWBXJFt3d_j5Ew2rdMipCxIKU38dYYs0WcSmFBg,865,408,361,53.06
291,Unknown,wBTDXHO7EiWjb29iJmz05xJQcJvcVxKIb7fL9vP5xxTmEoB279QJ7kDJ62Lj_SYZdBongqXcGcfD5w,865,128,42,75.29
292,Unknown,nJXQuS-knAytb6nJyiUZfnaI0Sz4UptoXOwRkh1bdpdXzqKuMfc1MsJDtlHlzBwq5MVPG6ae7B7imw,864,301,272,52.53
293,Unknown,6vNDBTx6SnlSesWtYSqfmMzb3kC5aLVMmMmn-St6tw65Fc52r5YM-Li_qOXoLa1Ow_CO_qvvcZUyCQ,863,122,63,65.95
294,Unknown,7BBpqUT_gvWqK10CGBDVt_Qwu7tcxzuSgx3KXI58Dp9rTnj0RrlSoCcBFeY6dulpESdvMYFDKbuxpA,862,88,51,63.31
295,Unknown,2qilZue6caAyH7y6KrNLZ6pP18FyIgajn8Zm49gubQqL6rue72cgEuE5dYixdRFzWR2LU0mRGaPSPA,861,113,79,58.85
296,Unknown,4LUiq4Jnmo7eKrGEI-MynVWihvghjLChKMcM9-WcB4GaGXIlQIuaT7nKfYWZYyRPIazhPsf_uuAsNQ,859,252,238,51.43
297,Unknown,3uDBAeOD7ZGTxoaX8e7cTUAbZeZ-wWG0G0S28mLDd8ZjqmZUb581YO2caiHKeicAyktuHLTHThNlsQ,848,138,116,54.33
298,Unknown,sP54g08ZtsmbYJFxUNhTPdoDfN7_O0orpeZuRnkRHyLE5gy6eZFQqXfgI6DN_g6K2jY-o8o45sYVQw,842,117,101,53.67
299,Unknown,GS_hY5l9s6I5meDo0YhOpBC-rF1VFuepW-YcXwFMHOewz0vrdNSkNBuZcgQcBSDXHHu6K44wAwX6AA,833,114,93,55.07
300,Unknown,71DOnEJDjt1QkuhOaeNUhNVaK-QpH9WcmrBCE0gziJtSB1WgtwLd5WRRHnxTJNlqDmCY7IrMSRZv5Q,798,371,345,51.82
